<?xml version="1.0" encoding="UTF-8"?>
<beans xmlns="http://www.springframework.org/schema/beans"
	xmlns:xsi="http://www.w3.org/2001/XMLSchema-instance" 
	xmlns:p="http://www.springframework.org/schema/p"
	xmlns:context="http://www.springframework.org/schema/context"
	xsi:schemaLocation="http://www.springframework.org/schema/beans
						http://www.springframework.org/schema/beans/spring-beans-4.0.xsd
						http://www.springframework.org/schema/context 
						http://www.springframework.org/schema/context/spring-context-4.0.xsd">

	<context:component-scan base-package="com.multiplex.pl" />

	<bean id="viewResolver"	
	class="org.springframework.web.servlet.view.InternalResourceViewResolver">
		<property name="suffix" value=".jsp" />
	</bean>
	
		<context:annotation-config />

	<bean id="dataSource" 
	class="org.springframework.jdbc.datasource.DriverManagerDataSource">
		<property name="driverClassName" value="oracle.jdbc.OracleDriver" />
		<property name="url" value="jdbc:oracle:thin:@localhost:1521/XE" />
		<property name="username" value="system" />
		<property name="password" value="shanmukha" />
	</bean>

	<bean id="template" class="org.springframework.jdbc.core.JdbcTemplate" 
	autowire="byType">
	</bean>
</beans>